one,two
4,8
15,16
23,33
4,8
15,16
23,33
43,85
15,16
23,33
423,8
15,16
23,33
4,8
15,16
23,33
32,8
43,16
23,33
56,8
15,16
23,33
4,8
15,16
23,33
4,8
15,16
23,33
4,8
15,16
23,33
4,8
15,16
23,33
4,8
15,16
23,33
4,8
15,16
23,33
4,8
15,16
23,33
4,8
15,16
23,33
4,8
15,16
23,33
4,8
15,16
23,33
4,8
15,16
23,33
4,8
15,16
23,33
4,8
15,16
23,33
4,8
15,16
23,33
4,8
15,16
23,33
4,8
15,16
23,33
4,8
15,16
23,33
4,8
15,16
23,33
4,8
15,16
23,33
4,8
15,16
23,33
4,8
15,16
23,33
4,8
15,16
23,33
4,8
15,16
23,33
4,8
15,16
23,33
4,8
15,16
23,33
4,8
15,16
23,33